{"cameraMode":{"drawMode":0,"name":"Shaded","section":"Shading Mode"},"sceneLighting":true,"audioPlay":false,"sceneViewState":{"m_AlwaysRefresh":false,"showFog":true,"showSkybox":true,"showFlares":true,"showImageEffects":true,"showParticleSystems":true,"showVisualEffectGraphs":true,"m_FxEnabled":true},"in2DMode":false,"pivot":{"x":0.1963459700345993,"y":-1.760833978652954,"z":1.4048033952713013},"rotation":{"x":0.14933955669403077,"y":-0.03478043153882027,"z":0.005259999539703131,"w":0.9881138801574707},"size":5.379886627197266,"orthographic":false}