{"cameraMode":{"drawMode":0,"name":"Shaded","section":"Shading Mode"},"sceneLighting":false,"audioPlay":false,"sceneViewState":{"m_AlwaysRefresh":false,"showFog":true,"showSkybox":false,"showFlares":false,"showImageEffects":true,"showParticleSystems":true,"showVisualEffectGraphs":true,"m_FxEnabled":true},"in2DMode":false,"pivot":{"x":-30.899999618530275,"y":2.8439998626708986,"z":-1.2000000476837159},"rotation":{"x":0.14773091673851014,"y":0.8198056221008301,"z":-0.26194334030151369,"w":0.4834617078304291},"size":2.4075515270233156,"orthographic":false}